{
    "modele_brain_tumor_20241117_205951": {
        "loss": [
            18.21,
            0.5739,
            0.3287,
            0.197,
            0.1368,
            0.1061
        ],
        "accuracy": [
            0.5668,
            0.7784,
            0.8742,
            0.9242,
            0.9491,
            0.9647
        ],
        "val_loss": [
            0.6798,
            0.492,
            0.4757,
            0.5043,
            0.4786,
            0.4901
        ],
        "val_accuracy": [
            0.6946,
            0.8098,
            0.8272,
            0.8377,
            0.8709,
            0.8831
        ],
        "test_loss": 4.1591,
        "test_accuracy": 0.6701
    },
    "modele_brain_tumor_20241125_002219": {
        "loss": [
            6.1560821533203125,
            0.4367038905620575,
            0.2385508269071579,
            0.16276125609874725,
            0.10484958440065384,
            0.08548449724912643
        ],
        "accuracy": [
            0.6354680061340332,
            0.8404698967933655,
            0.9120879173278809,
            0.9496021270751953,
            0.964759349822998,
            0.9712012410163879
        ],
        "val_loss": [
            0.5797291994094849,
            0.3996214270591736,
            0.42034661769866943,
            0.48278141021728516,
            0.657372772693634,
            0.41784659028053284
        ],
        "val_accuracy": [
            0.7887538075447083,
            0.8632218837738037,
            0.8723404407501221,
            0.8738601803779602,
            0.8662614226341248,
            0.8996960520744324
        ],
        "test_loss": 4.787892818450928,
        "test_accuracy": 0.6649746298789978
    },
    "modele_brain_tumor_20241210_123938": {
        "epochs": 6,
        "accuracy": [
            0.2825,
            0.2804,
            0.2943,
            0.2943,
            0.2682,
            0.2795
        ],
        "loss": [
            8.7723,
            1.3693,
            1.359,
            1.3539,
            1.352,
            1.3506
        ],
        "val_accuracy": [
            0.288,
            0.288,
            0.288,
            0.288,
            0.288,
            0.288
        ],
        "val_loss": [
            1.3748,
            1.3638,
            1.3563,
            1.3521,
            1.35,
            1.3492
        ],
        "test_loss": 1.4299,
        "test_accuracy": 0.2538
    },
    "inception1": {
        "model_name": "",
        "epochs": 15,
        "accuracy": [
            0.4773,
            0.6251,
            0.6542,
            0.6771,
            0.6722,
            0.6678,
            0.6749,
            0.6721,
            0.6904,
            0.7096,
            0.7198,
            0.7197,
            0.709,
            0.7553,
            0.7527
        ],
        "loss": [
            6.6679,
            3.8411,
            2.8696,
            2.4432,
            2.1966,
            1.9405,
            1.8121,
            1.7018,
            1.5685,
            1.3938,
            1.3102,
            1.3102,
            1.2812,
            1.1767,
            1.1583
        ],
        "val_accuracy": [
            0.441,
            0.6469,
            0.6561,
            0.6173,
            0.4732,
            0.5747,
            0.5986,
            0.532,
            0.4715,
            0.4262,
            0.4236,
            0.5912,
            0.6182,
            0.7362,
            0.7362
        ],
        "val_loss": [
            4.5917,
            2.9232,
            2.4785,
            2.4225,
            2.6455,
            2.3364,
            2.3275,
            2.0406,
            2.1058,
            2.1147,
            2.0642,
            1.6051,
            1.4058,
            1.0872,
            1.0872
        ],
        "test_loss": 1.4177871942520142,
        "test_accuracy": 0.7131979465484619
    },
    "model_20241214_145523": {
        "loss": [
            50.0316162109375,
            0.5439342260360718,
            0.2981349527835846,
            0.1595986932516098,
            0.1097542941570282,
            0.08036645501852036
        ],
        "accuracy": [
            0.525032639503479,
            0.7975620627403259,
            0.8955159187316895,
            0.9464519023895264,
            0.9634305834770203,
            0.9708315134048462
        ],
        "val_loss": [
            0.6365370750427246,
            0.48700857162475586,
            0.3720298409461975,
            0.3206590414047241,
            0.48292768001556396,
            0.48401710391044617
        ],
        "val_accuracy": [
            0.7504363059997559,
            0.8132635354995728,
            0.8638743162155151,
            0.8778359293937683,
            0.8551483154296875,
            0.8813263773918152
        ],
        "test_loss": 2.6655757427215576,
        "test_accuracy": 0.6725888252258301
    },
    "modele_brain_tumor_20241214_174158_finetuning.h5": {
        "loss": [
            0.06508666276931763,
            0.05920363590121269,
            0.05377485230565071,
            0.0580163411796093,
            0.08654081076383591,
            0.025169307366013527,
            0.04384171590209007,
            0.03169584274291992,
            0.02076168917119503,
            0.019129255786538124
        ],
        "accuracy": [
            0.9808445572853088,
            0.9760557413101196,
            0.983892023563385,
            0.9782325029373169,
            0.9734436273574829,
            0.9917283654212952,
            0.9878101944923401,
            0.9899869561195374,
            0.9939050674438477,
            0.9956464767456055
        ],
        "val_loss": [
            0.45300155878067017,
            0.5920113921165466,
            0.6315933465957642,
            0.5962516665458679,
            0.49581095576286316,
            0.6485280394554138,
            0.5161550641059875,
            0.5873422026634216,
            0.6075339913368225,
            0.584299623966217
        ],
        "val_accuracy": [
            0.8708551526069641,
            0.8848167657852173,
            0.8848167657852173,
            0.860383927822113,
            0.8795811533927917,
            0.8638743162155151,
            0.8830715417861938,
            0.886561930179596,
            0.8726003766059875,
            0.8900523781776428
        ],
        "test_loss": 4.393250942230225,
        "test_accuracy": 0.7182741165161133
    },
    "model_20241215_142118": {
        "loss": [
            1.43134605884552,
            0.5994653105735779,
            0.44429147243499756,
            0.30836474895477295,
            0.22969608008861542,
            0.1398586481809616,
            0.1442500352859497,
            0.09038463979959488,
            0.0774848684668541,
            0.08511972427368164
        ],
        "accuracy": [
            0.5783972144126892,
            0.7386759519577026,
            0.8144599199295044,
            0.8706446290016174,
            0.9115853905677795,
            0.9425086975097656,
            0.9398954510688782,
            0.9695122241973877,
            0.9716898798942566,
            0.9690766334533691
        ],
        "val_loss": [
            0.7624772191047668,
            0.5825281143188477,
            0.287410169839859,
            0.22940443456172943,
            0.1427484154701233,
            0.07712238281965256,
            0.09505569189786911,
            0.04801289364695549,
            0.031137505546212196,
            0.05863426998257637
        ],